﻿<?xml version="1.0" encoding="utf-8"?>
<!--DO NOT EDIT. This document is generated by PSoC Creator design builds.-->
<PSoCCreatorIdeExport Version="1">
  <Device Part="CY8C4248LQI-BL583" Processor="CortexM0" DeviceID="1A1711AA" />
  <Toolchains>
    <Toolchain Name="ARM GCC Generic" Selected="True">
      <Tool Name="prebuild" Command="" Options="" />
      <Tool Name="assembler" Command="arm-none-eabi-as.exe" Options="-mcpu=cortex-m0 -mthumb -I. -IGenerated_Source\PSoC4 -alh=${OutputDir}/${CompileFile}.lst -g -W" />
      <Tool Name="compiler" Command="arm-none-eabi-gcc.exe" Options="-mcpu=cortex-m0 -mthumb -I. -IGenerated_Source\PSoC4 -Wa,-alh=${OutputDir}/${CompileFile}.lst -g -D DEBUG -Wall -ffunction-sections -ffat-lto-objects -O0" />
      <Tool Name="linker" Command="arm-none-eabi-gcc.exe" Options="-mcpu=cortex-m0 -mthumb -L Generated_Source\PSoC4 -Wl,-Map,${OutputDir}/${ProjectShortName}.map -T Generated_Source\PSoC4\cm0gcc.ld -specs=nano.specs -Wl,--gc-sections -g -ffunction-sections -O0 -ffat-lto-objects" />
      <Tool Name="postbuild" Command="" Options="" />
    </Toolchain>
    <Toolchain Name="ARM MDK Generic" Selected="False">
      <Tool Name="prebuild" Command="" Options="" />
      <Tool Name="assembler" Command="armasm.exe" Options="--cpu=Cortex-M0 --diag_style=gnu --thumb -i. -iGenerated_Source\PSoC4 -g --list=${OutputDir}/${CompileFile}.lst &quot;--predefine=__MICROLIB SETA 1&quot;" />
      <Tool Name="compiler" Command="armcc.exe" Options="--cpu=Cortex-M0 --C99 --diag_style=gnu -I. -IGenerated_Source\PSoC4 --list --signed_chars -g -D DEBUG -O0 --split_sections -D__MICROLIB" />
      <Tool Name="linker" Command="armlink.exe" Options="--cpu=Cortex-M0 --diag_style=gnu --no_startup --library_type=microlib --map --list ${OutputDir}/${ProjectShortName}.map --scatter Generated_Source\PSoC4\Cm0RealView.scat" />
      <Tool Name="postbuild" Command="" Options="" />
    </Toolchain>
    <Toolchain Name="ARM IAR Generic" Selected="False">
      <Tool Name="prebuild" Command="" Options="" />
      <Tool Name="assembler" Command="iasmarm.exe" Options="--cpu Cortex-M0 -I. -IGenerated_Source\PSoC4 -s+ -M&lt;&gt; -w+ -r -DDEBUG --fpu None" />
      <Tool Name="compiler" Command="iccarm.exe" Options="--cpu Cortex-M0 -I. -IGenerated_Source\PSoC4 -D DEBUG -D CY_CORE_ID=0 -I. -IGenerated_Source\PSoC4 -D DEBUG --no_cse --no_unroll --no_inline --no_code_motion --no_tbaa --no_clustering --no_scheduling --debug --endian=little -e --fpu=None -On --no_wrap_diagnostics" />
      <Tool Name="linker" Command="ilinkarm.exe" Options="--semihosting --entry __iar_program_start --vfe --config Generated_Source\PSoC4\Cm0Iar.icf" />
      <Tool Name="postbuild" Command="" Options="" />
    </Toolchain>
  </Toolchains>
  <Project Name="BLE_HID_Joystick" Path="D:\Downloads\BLE_HID_Joystick (2)\BLE_HID_Joystick\BLE_HID_Joystick.cydsn" Version="5.80" Type="Normal">
    <CMSIS_SVD_File>BLE_HID_Joystick.svd</CMSIS_SVD_File>
    <Datasheet />
    <LinkerFiles>
      <LinkerFile Toolchain="ARM GCC Generic">.\Generated_Source\PSoC4\cm0gcc.ld</LinkerFile>
      <LinkerFile Toolchain="ARM MDK Generic">.\Generated_Source\PSoC4\Cm0RealView.scat</LinkerFile>
      <LinkerFile Toolchain="ARM IAR Generic">.\Generated_Source\PSoC4\Cm0Iar.icf</LinkerFile>
    </LinkerFiles>
    <Folders>
      <Folder BuildType="STRICT" Path="D:\Downloads\BLE_HID_Joystick (2)\BLE_HID_Joystick\BLE_HID_Joystick.cydsn">
        <Files Root="D:\Downloads\BLE_HID_Joystick (2)\BLE_HID_Joystick\BLE_HID_Joystick.cydsn">
          <File BuildType="BUILD" Toolchain="">main.c</File>
          <File BuildType="BUILD" Toolchain="">bas.c</File>
          <File BuildType="BUILD" Toolchain="">debug.c</File>
          <File BuildType="BUILD" Toolchain="">hids.c</File>
          <File BuildType="BUILD" Toolchain="">common.h</File>
          <File BuildType="BUILD" Toolchain="">bas.h</File>
          <File BuildType="BUILD" Toolchain="">hids.h</File>
        </Files>
      </Folder>
      <Folder BuildType="STRICT" Path="D:\Downloads\BLE_HID_Joystick (2)\BLE_HID_Joystick\BLE_HID_Joystick.cydsn\Generated_Source\PSoC4">
        <Files Root="D:\Downloads\BLE_HID_Joystick (2)\BLE_HID_Joystick\BLE_HID_Joystick.cydsn">
          <File BuildType="BUILD" Toolchain="">Generated_Source\PSoC4\cyfitter_cfg.h</File>
          <File BuildType="BUILD" Toolchain="">Generated_Source\PSoC4\cyfitter_cfg.c</File>
          <File BuildType="BUILD" Toolchain="">Generated_Source\PSoC4\cymetadata.c</File>
          <File BuildType="BUILD" Toolchain="">Generated_Source\PSoC4\cydevice_trm.h</File>
          <File BuildType="BUILD" Toolchain="">Generated_Source\PSoC4\cydevicegnu_trm.inc</File>
          <File BuildType="BUILD" Toolchain="">Generated_Source\PSoC4\cydevicerv_trm.inc</File>
          <File BuildType="BUILD" Toolchain="">Generated_Source\PSoC4\cydeviceiar_trm.inc</File>
          <File BuildType="BUILD" Toolchain="">Generated_Source\PSoC4\cyfittergnu.inc</File>
          <File BuildType="BUILD" Toolchain="">Generated_Source\PSoC4\cyfitterrv.inc</File>
          <File BuildType="BUILD" Toolchain="">Generated_Source\PSoC4\cyfitteriar.inc</File>
          <File BuildType="BUILD" Toolchain="">Generated_Source\PSoC4\cyfitter.h</File>
          <File BuildType="BUILD" Toolchain="">Generated_Source\PSoC4\cydisabledsheets.h</File>
          <File BuildType="BUILD" Toolchain="">Generated_Source\PSoC4\BLE_gatt.h</File>
          <File BuildType="BUILD" Toolchain="">Generated_Source\PSoC4\BLE.h</File>
          <File BuildType="BUILD" Toolchain="">Generated_Source\PSoC4\BLE_hids.h</File>
          <File BuildType="BUILD" Toolchain="">Generated_Source\PSoC4\BLE_bas.h</File>
          <File BuildType="BUILD" Toolchain="">Generated_Source\PSoC4\BLE_bas.c</File>
          <File BuildType="BUILD" Toolchain="">Generated_Source\PSoC4\BLE.c</File>
          <File BuildType="BUILD" Toolchain="">Generated_Source\PSoC4\BLE_gatt.c</File>
          <File BuildType="BUILD" Toolchain="">Generated_Source\PSoC4\BLE_eventHandler.c</File>
          <File BuildType="BUILD" Toolchain="">Generated_Source\PSoC4\BLE_hids.c</File>
          <File BuildType="BUILD" Toolchain="">Generated_Source\PSoC4\BLE_HAL_INT.c</File>
          <File BuildType="BUILD" Toolchain="">Generated_Source\PSoC4\BLE_HAL_PVT.c</File>
          <File BuildType="BUILD" Toolchain="">Generated_Source\PSoC4\BLE_HAL_PVT.h</File>
          <File BuildType="BUILD" Toolchain="">Generated_Source\PSoC4\BLE_STACK_PVT.h</File>
          <File BuildType="BUILD" Toolchain="">Generated_Source\PSoC4\BLE_StackGap.h</File>
          <File BuildType="BUILD" Toolchain="">Generated_Source\PSoC4\BLE_StackGatt.h</File>
          <File BuildType="BUILD" Toolchain="">Generated_Source\PSoC4\BLE_StackGattDb.h</File>
          <File BuildType="BUILD" Toolchain="">Generated_Source\PSoC4\BLE_StackHostMain.h</File>
          <File BuildType="BUILD" Toolchain="">Generated_Source\PSoC4\BLE_StackL2cap.h</File>
          <File BuildType="BUILD" Toolchain="">Generated_Source\PSoC4\BLE_dis.c</File>
          <File BuildType="BUILD" Toolchain="">Generated_Source\PSoC4\BLE_dis.h</File>
          <File BuildType="BUILD" Toolchain="">Generated_Source\PSoC4\BLE_StackGattServer.h</File>
          <File BuildType="BUILD" Toolchain="">Generated_Source\PSoC4\BLE_StackGattClient.h</File>
          <File BuildType="BUILD" Toolchain="">Generated_Source\PSoC4\BLE_Stack.h</File>
          <File BuildType="BUILD" Toolchain="">Generated_Source\PSoC4\BLE_eventHandler.h</File>
          <File BuildType="BUILD" Toolchain="">Generated_Source\PSoC4\UART_DEB.c</File>
          <File BuildType="BUILD" Toolchain="">Generated_Source\PSoC4\UART_DEB.h</File>
          <File BuildType="BUILD" Toolchain="">Generated_Source\PSoC4\UART_DEB_SPI_UART.h</File>
          <File BuildType="BUILD" Toolchain="">Generated_Source\PSoC4\UART_DEB_SPI_UART.c</File>
          <File BuildType="BUILD" Toolchain="">Generated_Source\PSoC4\UART_DEB_SPI_UART_INT.c</File>
          <File BuildType="BUILD" Toolchain="">Generated_Source\PSoC4\UART_DEB_PM.c</File>
          <File BuildType="BUILD" Toolchain="">Generated_Source\PSoC4\UART_DEB_UART.c</File>
          <File BuildType="BUILD" Toolchain="">Generated_Source\PSoC4\UART_DEB_BOOT.c</File>
          <File BuildType="BUILD" Toolchain="">Generated_Source\PSoC4\UART_DEB_UART_BOOT.c</File>
          <File BuildType="BUILD" Toolchain="">Generated_Source\PSoC4\UART_DEB_PINS.h</File>
          <File BuildType="BUILD" Toolchain="">Generated_Source\PSoC4\UART_DEB_SPI_UART_PVT.h</File>
          <File BuildType="BUILD" Toolchain="">Generated_Source\PSoC4\UART_DEB_PVT.h</File>
          <File BuildType="BUILD" Toolchain="">Generated_Source\PSoC4\UART_DEB_BOOT.h</File>
          <File BuildType="BUILD" Toolchain="">Generated_Source\PSoC4\Advertising_LED.c</File>
          <File BuildType="BUILD" Toolchain="">Generated_Source\PSoC4\Advertising_LED.h</File>
          <File BuildType="BUILD" Toolchain="">Generated_Source\PSoC4\Advertising_LED_aliases.h</File>
          <File BuildType="BUILD" Toolchain="">Generated_Source\PSoC4\Advertising_LED_PM.c</File>
          <File BuildType="BUILD" Toolchain="">Generated_Source\PSoC4\Disconnect_LED.c</File>
          <File BuildType="BUILD" Toolchain="">Generated_Source\PSoC4\Disconnect_LED.h</File>
          <File BuildType="BUILD" Toolchain="">Generated_Source\PSoC4\Disconnect_LED_aliases.h</File>
          <File BuildType="BUILD" Toolchain="">Generated_Source\PSoC4\Disconnect_LED_PM.c</File>
          <File BuildType="BUILD" Toolchain="">Generated_Source\PSoC4\SAR_ADC.c</File>
          <File BuildType="BUILD" Toolchain="">Generated_Source\PSoC4\SAR_ADC.h</File>
          <File BuildType="BUILD" Toolchain="">Generated_Source\PSoC4\SAR_ADC_PM.c</File>
          <File BuildType="BUILD" Toolchain="">Generated_Source\PSoC4\SAR_ADC_INT.c</File>
          <File BuildType="BUILD" Toolchain="">Generated_Source\PSoC4\WDT_Interrupt.c</File>
          <File BuildType="BUILD" Toolchain="">Generated_Source\PSoC4\WDT_Interrupt.h</File>
          <File BuildType="BUILD" Toolchain="">Generated_Source\PSoC4\X.c</File>
          <File BuildType="BUILD" Toolchain="">Generated_Source\PSoC4\X.h</File>
          <File BuildType="BUILD" Toolchain="">Generated_Source\PSoC4\X_aliases.h</File>
          <File BuildType="BUILD" Toolchain="">Generated_Source\PSoC4\X_PM.c</File>
          <File BuildType="BUILD" Toolchain="">Generated_Source\PSoC4\Button.c</File>
          <File BuildType="BUILD" Toolchain="">Generated_Source\PSoC4\Button.h</File>
          <File BuildType="BUILD" Toolchain="">Generated_Source\PSoC4\Button_aliases.h</File>
          <File BuildType="BUILD" Toolchain="">Generated_Source\PSoC4\Button_PM.c</File>
          <File BuildType="BUILD" Toolchain="">Generated_Source\PSoC4\Y.c</File>
          <File BuildType="BUILD" Toolchain="">Generated_Source\PSoC4\Y.h</File>
          <File BuildType="BUILD" Toolchain="">Generated_Source\PSoC4\Y_aliases.h</File>
          <File BuildType="BUILD" Toolchain="">Generated_Source\PSoC4\Y_PM.c</File>
          <File BuildType="BUILD" Toolchain="">Generated_Source\PSoC4\Wakeup_Interrupt.c</File>
          <File BuildType="BUILD" Toolchain="">Generated_Source\PSoC4\Wakeup_Interrupt.h</File>
          <File BuildType="BUILD" Toolchain="">Generated_Source\PSoC4\Clock_1.c</File>
          <File BuildType="BUILD" Toolchain="">Generated_Source\PSoC4\Clock_1.h</File>
          <File BuildType="BUILD" Toolchain="">Generated_Source\PSoC4\Vref.c</File>
          <File BuildType="BUILD" Toolchain="">Generated_Source\PSoC4\Vref.h</File>
          <File BuildType="BUILD" Toolchain="">Generated_Source\PSoC4\Vref_aliases.h</File>
          <File BuildType="BUILD" Toolchain="">Generated_Source\PSoC4\Vref_PM.c</File>
          <File BuildType="BUILD" Toolchain="">Generated_Source\PSoC4\BLE_bless_isr.c</File>
          <File BuildType="BUILD" Toolchain="">Generated_Source\PSoC4\BLE_bless_isr.h</File>
          <File BuildType="BUILD" Toolchain="">Generated_Source\PSoC4\UART_DEB_tx.c</File>
          <File BuildType="BUILD" Toolchain="">Generated_Source\PSoC4\UART_DEB_tx.h</File>
          <File BuildType="BUILD" Toolchain="">Generated_Source\PSoC4\UART_DEB_tx_aliases.h</File>
          <File BuildType="BUILD" Toolchain="">Generated_Source\PSoC4\UART_DEB_tx_PM.c</File>
          <File BuildType="BUILD" Toolchain="">Generated_Source\PSoC4\UART_DEB_rx.c</File>
          <File BuildType="BUILD" Toolchain="">Generated_Source\PSoC4\UART_DEB_rx.h</File>
          <File BuildType="BUILD" Toolchain="">Generated_Source\PSoC4\UART_DEB_rx_aliases.h</File>
          <File BuildType="BUILD" Toolchain="">Generated_Source\PSoC4\UART_DEB_rx_PM.c</File>
          <File BuildType="BUILD" Toolchain="">Generated_Source\PSoC4\SAR_ADC_IRQ.c</File>
          <File BuildType="BUILD" Toolchain="">Generated_Source\PSoC4\SAR_ADC_IRQ.h</File>
          <File BuildType="BUILD" Toolchain="">Generated_Source\PSoC4\SAR_ADC_intClock.c</File>
          <File BuildType="BUILD" Toolchain="">Generated_Source\PSoC4\SAR_ADC_intClock.h</File>
          <File BuildType="BUILD" Toolchain="">Generated_Source\PSoC4\cy_em_eeprom.c</File>
          <File BuildType="BUILD" Toolchain="">Generated_Source\PSoC4\cy_em_eeprom.h</File>
          <File BuildType="BUILD" Toolchain="ARM GCC Generic">Generated_Source\PSoC4\cm0gcc.ld</File>
          <File BuildType="BUILD" Toolchain="ARM MDK Generic">Generated_Source\PSoC4\Cm0RealView.scat</File>
          <File BuildType="BUILD" Toolchain="">Generated_Source\PSoC4\Cm0Start.c</File>
          <File BuildType="BUILD" Toolchain="">Generated_Source\PSoC4\core_cm0.h</File>
          <File BuildType="BUILD" Toolchain="">Generated_Source\PSoC4\core_cm0_psoc4.h</File>
          <File BuildType="BUILD" Toolchain="ARM MDK Generic">Generated_Source\PSoC4\CyBootAsmRv.s</File>
          <File BuildType="BUILD" Toolchain="">Generated_Source\PSoC4\CyFlash.c</File>
          <File BuildType="BUILD" Toolchain="">Generated_Source\PSoC4\CyFlash.h</File>
          <File BuildType="BUILD" Toolchain="">Generated_Source\PSoC4\CyLib.c</File>
          <File BuildType="BUILD" Toolchain="">Generated_Source\PSoC4\CyLib.h</File>
          <File BuildType="BUILD" Toolchain="">Generated_Source\PSoC4\cyPm.c</File>
          <File BuildType="BUILD" Toolchain="">Generated_Source\PSoC4\cyPm.h</File>
          <File BuildType="BUILD" Toolchain="">Generated_Source\PSoC4\cytypes.h</File>
          <File BuildType="BUILD" Toolchain="">Generated_Source\PSoC4\cyutils.c</File>
          <File BuildType="BUILD" Toolchain="">Generated_Source\PSoC4\cypins.h</File>
          <File BuildType="BUILD" Toolchain="">Generated_Source\PSoC4\core_cmFunc.h</File>
          <File BuildType="BUILD" Toolchain="">Generated_Source\PSoC4\core_cmInstr.h</File>
          <File BuildType="BUILD" Toolchain="ARM IAR Generic">Generated_Source\PSoC4\Cm0Iar.icf</File>
          <File BuildType="BUILD" Toolchain="ARM IAR Generic">Generated_Source\PSoC4\CyBootAsmIar.s</File>
          <File BuildType="BUILD" Toolchain="">Generated_Source\PSoC4\cmsis_armcc.h</File>
          <File BuildType="BUILD" Toolchain="">Generated_Source\PSoC4\cmsis_gcc.h</File>
          <File BuildType="BUILD" Toolchain="">Generated_Source\PSoC4\cmsis_compiler.h</File>
          <File BuildType="BUILD" Toolchain="ARM GCC Generic">Generated_Source\PSoC4\CyBootAsmGnu.s</File>
          <File BuildType="BUILD" Toolchain="">Generated_Source\PSoC4\CyDMA.h</File>
          <File BuildType="BUILD" Toolchain="">Generated_Source\PSoC4\CyDMA.c</File>
          <File BuildType="BUILD" Toolchain="">Generated_Source\PSoC4\CyLFClk.c</File>
          <File BuildType="BUILD" Toolchain="">Generated_Source\PSoC4\CyLFClk.h</File>
          <File BuildType="BUILD" Toolchain="">Generated_Source\PSoC4\project.h</File>
          <File BuildType="BUILD" Toolchain="">Generated_Source\PSoC4\cycodeshareimport.ld</File>
          <File BuildType="BUILD" Toolchain="">Generated_Source\PSoC4\cycodeshareexport.ld</File>
          <File BuildType="BUILD" Toolchain="">Generated_Source\PSoC4\cycodeshareimport.scat</File>
          <File BuildType="BUILD" Toolchain="">Generated_Source\PSoC4\Y_1.c</File>
          <File BuildType="BUILD" Toolchain="">Generated_Source\PSoC4\Y_1.h</File>
          <File BuildType="BUILD" Toolchain="">Generated_Source\PSoC4\Y_1_aliases.h</File>
          <File BuildType="BUILD" Toolchain="">Generated_Source\PSoC4\Y_1_PM.c</File>
          <File BuildType="BUILD" Toolchain="">Generated_Source\PSoC4\X_1.c</File>
          <File BuildType="BUILD" Toolchain="">Generated_Source\PSoC4\X_1.h</File>
          <File BuildType="BUILD" Toolchain="">Generated_Source\PSoC4\X_1_aliases.h</File>
          <File BuildType="BUILD" Toolchain="">Generated_Source\PSoC4\X_1_PM.c</File>
        </Files>
      </Folder>
      <Folder BuildType="STRICT" Path="D:\Downloads\BLE_HID_Joystick (2)\BLE_HID_Joystick\BLE_HID_Joystick.cydsn\Export\ARM_GCC_Generic\BLE_v3_63">
        <Files Root="D:\Downloads\BLE_HID_Joystick (2)\BLE_HID_Joystick\BLE_HID_Joystick.cydsn">
          <File BuildType="BUILD" Toolchain="ARM GCC Generic">.\Export\ARM_GCC_Generic\BLE_v3_63\gccCyBLEStack_BLE_SOC_PERIPHERAL.a</File>
        </Files>
      </Folder>
      <Folder BuildType="STRICT" Path="D:\Downloads\BLE_HID_Joystick (2)\BLE_HID_Joystick\BLE_HID_Joystick.cydsn\Export\ARM_MDK_Generic\BLE_v3_63">
        <Files Root="D:\Downloads\BLE_HID_Joystick (2)\BLE_HID_Joystick\BLE_HID_Joystick.cydsn">
          <File BuildType="BUILD" Toolchain="ARM MDK Generic">.\Export\ARM_MDK_Generic\BLE_v3_63\mdkCyBLEStack_BLE_SOC_PERIPHERAL.a</File>
        </Files>
      </Folder>
      <Folder BuildType="STRICT" Path="D:\Downloads\BLE_HID_Joystick (2)\BLE_HID_Joystick\BLE_HID_Joystick.cydsn\Export\ARM_IAR_Generic\BLE_v3_63">
        <Files Root="D:\Downloads\BLE_HID_Joystick (2)\BLE_HID_Joystick\BLE_HID_Joystick.cydsn">
          <File BuildType="BUILD" Toolchain="ARM IAR Generic">.\Export\ARM_IAR_Generic\BLE_v3_63\gccCyBLEStack_BLE_SOC_PERIPHERAL.a</File>
        </Files>
      </Folder>
      <Folder BuildType="EXCLUDE" Path=".\codegentemp">
        <Files Root="D:\Downloads\BLE_HID_Joystick (2)\BLE_HID_Joystick\BLE_HID_Joystick.cydsn" />
      </Folder>
      <Folder BuildType="EXCLUDE" Path=".\ARM_GCC_441">
        <Files Root="D:\Downloads\BLE_HID_Joystick (2)\BLE_HID_Joystick\BLE_HID_Joystick.cydsn" />
      </Folder>
      <Folder BuildType="EXCLUDE" Path=".\ARM_GCC_473">
        <Files Root="D:\Downloads\BLE_HID_Joystick (2)\BLE_HID_Joystick\BLE_HID_Joystick.cydsn" />
      </Folder>
      <Folder BuildType="EXCLUDE" Path=".\DP8051_Keil_952">
        <Files Root="D:\Downloads\BLE_HID_Joystick (2)\BLE_HID_Joystick\BLE_HID_Joystick.cydsn" />
      </Folder>
      <Folder BuildType="EXCLUDE" Path=".\DP8051">
        <Files Root="D:\Downloads\BLE_HID_Joystick (2)\BLE_HID_Joystick\BLE_HID_Joystick.cydsn" />
      </Folder>
      <Folder BuildType="EXCLUDE" Path=".\CortexM0">
        <Files Root="D:\Downloads\BLE_HID_Joystick (2)\BLE_HID_Joystick\BLE_HID_Joystick.cydsn" />
      </Folder>
      <Folder BuildType="EXCLUDE" Path=".\CortexM0p">
        <Files Root="D:\Downloads\BLE_HID_Joystick (2)\BLE_HID_Joystick\BLE_HID_Joystick.cydsn" />
      </Folder>
      <Folder BuildType="EXCLUDE" Path=".\CortexM3">
        <Files Root="D:\Downloads\BLE_HID_Joystick (2)\BLE_HID_Joystick\BLE_HID_Joystick.cydsn" />
      </Folder>
      <Folder BuildType="EXCLUDE" Path=".\CortexM4">
        <Files Root="D:\Downloads\BLE_HID_Joystick (2)\BLE_HID_Joystick\BLE_HID_Joystick.cydsn" />
      </Folder>
      <Folder BuildType="EXCLUDE" Path=".\CortexM7">
        <Files Root="D:\Downloads\BLE_HID_Joystick (2)\BLE_HID_Joystick\BLE_HID_Joystick.cydsn" />
      </Folder>
    </Folders>
  </Project>
</PSoCCreatorIdeExport>